{
   "Cities": [
      {
         "data": "New York City"
      },
      {
         "data": "Los Angeles"
      },
      {
         "data": "Beijing"
      },
      {
         "data": "Delhi"
      },
      {
         "data": "Shanghai"
      },
      {
         "data": "Paris"
      },
      {
         "data": "Istanbul"
      },
      {
         "data": "Tokyo"
      },
      {
         "data": "Guangzhou"
      },
      {
         "data": "Mumbai"
      },
      {
         "data": "Moscow"
      },
      {
         "data": "São Paulo"
      },
      {
         "data": "Shenzhen"
      },
      {
         "data": "Jakarta"
      },
      {
         "data": "Lahore"
      },
      {
         "data": "Seoul"
      },
      {
         "data": "Wuhan"
      },
      {
         "data": "Kinshasa"
      },
      {
         "data": "Cairo"
      },
      {
         "data": "Mexico City"
      },
      {
         "data": "Lima"
      },
      {
         "data": "London"
      },
      {
         "data": "Lagos"
      },
      {
         "data": "Bengaluru"
      },
      {
         "data": "Bangkok"
      },
      {
         "data": "Ho Chi Minh City"
      },
      {
         "data": "Dongguan"
      },
      {
         "data": "Chongqing"
      },
      {
         "data": "Nanjing"
      },
      {
         "data": "Tehran"
      },
      {
         "data": "Shenyang"
      },
      {
         "data": "Bogotá"
      },
      {
         "data": "Ningbo"
      },
      {
         "data": "Hong Kong"
      },
      {
         "data": "Hanoi"
      },
      {
         "data": "Baghdad"
      },
      {
         "data": "Changsha"
      },
      {
         "data": "Dhaka"
      },
      {
         "data": "Hyderabad"
      },
      {
         "data": "Chennai"
      },
      {
         "data": "Rio de Janeiro"
      },
      {
         "data": "Faisalabad"
      },
      {
         "data": "Foshan"
      },
      {
         "data": "Zunyi"
      },
      {
         "data": "Santiago"
      },
      {
         "data": "Riyadh"
      },
      {
         "data": "Ahmedabad"
      },
      {
         "data": "Singapore"
      },
      {
         "data": "Shantou"
      },
      {
         "data": "Saint Petersburg"
      },
      {
         "data": "Yangon"
      },
      {
         "data": "Abidjan"
      },
      {
         "data": "Chengdu"
      },
      {
         "data": "Alexandria"
      },
      {
         "data": "Kolkata"
      },
      {
         "data": "Ankara"
      },
      {
         "data": "Xi'an"
      },
      {
         "data": "Surat"
      },
      {
         "data": "Johannesburg"
      },
      {
         "data": "Dar es Salaam"
      },
      {
         "data": "Suzhou"
      },
      {
         "data": "Harbin"
      },
      {
         "data": "Giza"
      },
      {
         "data": "Zhengzhou"
      },
      {
         "data": "New Taipei City"
      },
      {
         "data": "Karachi"
      },
      {
         "data": "Cape Town"
      },
      {
         "data": "Yokohama"
      },
      {
         "data": "Berlin"
      },
      {
         "data": "Busan"
      },
      {
         "data": "Hangzhou"
      },
      {
         "data": "Xiamen"
      },
      {
         "data": "Quanzhou"
      },
      {
         "data": "Rawalpindi"
      },
      {
         "data": "Jeddah"
      },
      {
         "data": "Durban"
      },
      {
         "data": "Hyderabad"
      },
      {
         "data": "Kabul"
      },
      {
         "data": "Casablanca"
      },
      {
         "data": "Hefei"
      },
      {
         "data": "Pyongyang"
      },
      {
         "data": "Madrid"
      },
      {
         "data": "Peshawar"
      },
      {
         "data": "Ekurhuleni"
      },
      {
         "data": "Nairobi"
      },
      {
         "data": "Zhongshan"
      },
      {
         "data": "Pune"
      },
      {
         "data": "Addis Ababa"
      },
      {
         "data": "Jaipur"
      },
      {
         "data": "Buenos Aires"
      },
      {
         "data": "Wenzhou"
      }
   ]
}
